Institute ID,Institute Name,TLR,RPC,GO,OI,PERCEPTION,City,State,Score,Rank,Año
IR-O-U-0456,Indian Institute of Technology Madras,85.61,92.51,86.32,63.57,97.13,Chennai,Tamil Nadu,86.76,1,2021
IR-O-U-0220,Indian Institute of Science,79.13,91.48,78.23,58.39,100.0,Bengaluru,Karnataka,82.67,2,2021
IR-O-U-0306,Indian Institute of Technology Bombay,83.52,87.81,80.86,57.48,91.96,Mumbai,Maharashtra,82.52,3,2021
IR-O-I-1074,Indian Institute of Technology Delhi,84.02,84.46,75.07,67.97,93.89,New Delhi,Delhi,81.75,4,2021
IR-O-I-1075,Indian Institute of Technology Kanpur,80.5,75.23,80.74,56.97,79.3,Kanpur,Uttar Pradesh,76.5,5,2021
IR-O-U-0573,Indian Institute of Technology Kharagpur,74.25,76.23,83.23,55.35,82.92,Kharagpur,West Bengal,75.62,6,2021
IR-O-U-0560,Indian Institute of Technology Roorkee,76.68,68.37,83.16,65.31,47.28,Roorkee,Uttarakhand,71.4,7,2021
IR-O-U-0053,Indian Institute of Technology Guwahati,73.75,66.25,81.26,62.95,47.04,Guwahati,Assam,69.26,8,2021
IR-O-U-0109,Jawaharlal Nehru University,71.19,44.96,95.07,73.36,54.12,New Delhi,Delhi,66.61,9,2021
IR-O-U-0500,Banaras Hindu University,64.5,45.0,100.0,53.13,49.38,Varanasi,Uttar Pradesh,63.1,10,2021
IR-O-U-0570,University of Calcutta,66.2,43.92,91.72,60.98,39.68,Kolkata,West Bengal,61.45,11,2021
IR-O-U-0436,Amrita Vishwa Vidyapeetham,64.23,54.33,71.35,65.54,34.8,Coimbatore,Tamil Nadu,59.87,12,2021
IR-O-U-0108,Jamia Millia Islamia,66.44,43.43,86.67,72.35,20.25,New Delhi,Delhi,59.54,13,2021
IR-O-U-0575,Jadavpur University,51.7,51.72,87.77,50.16,53.3,Kolkata,West Bengal,58.93,14,2021
IR-O-U-0234,Manipal Academy of Higher Education,67.68,48.17,76.05,65.25,24.18,Manipal,Karnataka,58.91,15,2021
IR-O-U-0013,Indian Institute of Technology Hyderabad,61.4,52.64,67.51,58.59,49.61,Hyderabad,Telangana,58.53,16,2021
IR-O-U-0042,University of Hyderabad,69.59,40.74,77.44,58.72,32.13,Hyderabad,Telangana,57.67,17,2021
IR-O-U-0496,Aligarh Muslim University,69.06,40.86,80.06,56.93,27.0,Aligarh,Uttar Pradesh,57.38,18,2021
IR-O-U-0120,University of Delhi,42.65,54.23,82.66,59.6,44.81,Delhi,Delhi,56.03,19,2021
IR-O-U-0323,Savitribai Phule Pune University,62.95,42.77,86.96,50.92,16.41,Pune,Maharashtra,55.83,20,2021
IR-O-U-0490,Vellore Institute of Technology,48.43,56.83,69.94,59.38,38.8,Vellore,Tamil Nadu,55.39,21,2021
IR-O-U-0447,Bharathiar University,61.79,47.45,74.17,53.21,24.6,Coimbatore,Tamil Nadu,55.38,22,2021
IR-O-U-0467,National Institute of Technology Tiruchirappalli,52.39,44.58,71.79,63.34,51.82,Tiruchirappalli,Tamil Nadu,54.97,23,2021
IR-O-U-0305,Indian Institute of Science Education and Research Pune,67.24,45.58,59.31,58.75,28.91,Pune,Maharashtra,54.47,24,2021
IR-O-U-0439,Anna University,51.91,43.09,73.11,51.35,61.72,Chennai,Tamil Nadu,54.42,25,2021
IR-O-U-0205,Indian Institute of Technology (Indian School of Mines) Dhanbad,48.18,56.64,71.16,55.15,27.0,Dhanbad,Jharkhand,53.88,26,2021
IR-O-U-0308,Institute of Chemical Technology,50.05,55.82,75.96,46.07,22.04,Mumbai,Maharashtra,53.76,27,2021
IR-O-U-0701,Indian Institute of Technology (Banaras Hindu University) Varanasi,55.87,47.41,69.88,56.69,31.08,Varanasi,Uttar Pradesh,53.74,28,2021
IR-O-U-0391,Birla Institute of Technology and Science Pilani,55.81,43.13,72.05,59.5,32.81,Pilani,Rajasthan,53.32,29,2021
IR-O-U-0273,Indian Institute of Technology Indore,57.51,49.25,69.71,56.59,15.91,Indore,Madhya Pradesh,53.22,30,2021
IR-O-U-0378,Indian Institute of Technology Ropar,72.76,32.92,62.05,63.88,23.76,Rupnagar,Punjab,52.89,31,2021
IR-O-U-0237,National Institute of Technology Karnataka,53.81,41.74,73.32,65.58,30.01,Surathkal,Karnataka,52.88,32,2021
IR-O-U-0139,Indian Institute of Technology Gandhinagar,71.26,37.15,57.21,64.21,23.76,Gandhinagar,Gujarat,52.77,33,2021
IR-O-U-0235,University of Mysore,68.77,18.79,90.54,54.24,6.85,Mysuru,Karnataka,50.49,34,2021
IR-O-U-0572,Indian Institute of Science Education and Research Kolkata,59.67,38.82,66.26,53.53,23.34,Mohanpur,West Bengal,50.48,35,2021
IR-O-U-0304,Homi Bhabha National Institute,68.64,36.45,65.98,50.79,6.22,Mumbai,Maharashtra,50.42,36,2021
IR-O-U-0363,Siksha `O` Anusandhan,63.89,29.92,71.34,65.89,13.28,Bhubaneswar,Odisha,50.34,37,2021
IR-O-U-0078,Panjab University,48.88,40.86,71.57,53.49,37.31,Chandigarh,Chandigarh,50.31,38,2021
IR-O-U-0356,Kalinga Institute of Industrial Technology,62.4,27.78,70.0,78.43,11.06,Bhubaneswar,Odisha,50.0,39,2021
IR-O-U-0377,Indian Institute of Science Education and Research Mohali,62.43,31.86,59.58,71.65,22.04,Mohali,Punjab,49.58,40,2021
IR-O-U-0357,National Institute of Technology Rourkela,49.19,48.29,65.32,51.66,17.89,Rourkela,Odisha,49.27,41,2021
IR-O-U-0476,Shanmugha Arts Science Technology & Research Academy,58.58,38.28,66.3,57.78,10.48,Thanjavur,Tamil Nadu,49.15,42,2021
IR-O-U-0260,University of Kerala,64.77,19.93,89.11,51.53,4.91,Thiruvananthapuram,Kerala,48.87,43,2021
IR-O-U-0497,Amity University,48.98,43.27,67.55,64.66,12.18,Gautam Budh Nagar,Uttar Pradesh,48.87,43,2021
IR-O-I-1480,Thapar Institute of Engineering and Technology,50.44,42.26,67.3,56.35,19.32,Patiala,Punjab,48.83,45,2021
IR-O-U-0584,Indian Institute of Engineering Science and Technology,51.58,38.99,68.65,50.22,27.77,Shibpur,West Bengal,48.7,46,2021
IR-O-I-1357,University of Madras,61.35,31.82,66.43,53.88,20.25,Chennai,Tamil Nadu,48.66,47,2021
IR-O-U-0006,Andhra University,55.04,25.59,85.84,54.46,18.37,Visakhapatnam,Andhra Pradesh,48.65,48,2021
IR-O-I-1441,Saveetha Institute of Medical and Technical Sciences,61.78,34.28,64.91,65.99,2.18,Chennai,Tamil Nadu,48.63,49,2021
IR-O-U-0272,Indian Institute of Science Education and Research Bhopal,63.78,30.9,63.49,66.63,8.1,Bhopal,Madhya Pradesh,48.57,50,2021
IR-O-U-0064,Indian Institute of Technology Patna,60.04,37.02,57.6,53.94,16.41,Patna,Bihar,47.67,51,2021
IR-O-U-0262,Mahatma Gandhi University,59.27,34.73,68.77,52.55,4.24,Kottayam,Kerala,47.62,52,2021
IR-O-U-0473,S.R.M. Institute of Science and Technology,49.93,39.07,68.47,58.6,10.48,Chennai,Tamil Nadu,47.3,53,2021
IR-O-U-0098,Delhi Technological University,54.52,29.82,65.95,59.25,25.82,New Delhi,Delhi,46.98,54,2021
IR-O-U-0334,Visvesvaraya National Institute of Technology Nagpur,49.85,37.31,68.93,55.11,15.39,Nagpur,Maharashtra,46.98,54,2021
IR-O-U-0222,JSS Academy of Higher Education and Research,63.04,19.39,66.7,70.04,18.85,Mysuru,Karnataka,46.95,56,2021
IR-O-U-0435,Alagappa University,58.71,27.32,67.45,51.68,23.34,Karaikudi,Tamil Nadu,46.79,57,2021
IR-O-U-0355,Indian Institute of Technology Bhubaneswar,51.73,37.83,62.64,55.02,18.85,Bhubaneswar,Odisha,46.78,58,2021
IR-O-U-0025,National Institute of Technology Warangal,50.61,31.04,70.32,56.38,25.01,Warangal,Telangana,46.69,59,2021
IR-O-U-0523,King George`s Medical University,64.39,27.23,62.97,57.57,8.1,Lucknow,Uttar Pradesh,46.65,60,2021
IR-O-U-0474,Sathyabama Institute of Science and Technology,54.06,34.0,64.82,64.68,7.48,Chennai,Tamil Nadu,46.6,61,2021
IR-O-U-0136,Gujarat University,64.76,15.7,81.28,56.13,5.57,Ahmedabad,Gujarat,46.57,62,2021
IR-O-U-0027,Osmania University,52.04,28.16,79.86,51.62,13.82,Hyderabad,Telangana,46.57,62,2021
IR-O-U-0107,Jamia Hamdard,57.82,27.62,69.75,60.64,8.1,New Delhi,Delhi,46.46,64,2021
IR-O-U-0253,Cochin University of Science and Technology,54.37,29.63,70.28,52.7,14.88,Cochin,Kerala,46.02,65,2021
IR-O-U-0389,Banasthali Vidyapith,54.19,14.23,83.55,75.99,10.48,Banasthali,Rajasthan,45.89,66,2021
IR-O-U-0052,Gauhati University,55.17,19.05,83.56,58.4,10.48,Guwahati,Assam,45.87,67,2021
IR-O-U-0329,Symbiosis International,61.83,18.5,64.52,72.16,14.35,Pune,Maharashtra,45.65,68,2021
IR-O-U-0020,Koneru Lakshmaiah Education Foundation University (K L College of Engineering),58.89,30.78,64.62,55.99,2.18,Vaddeswaram,Andhra Pradesh,45.64,69,2021
IR-O-U-0331,Tata Institute of Social Sciences,61.2,12.32,77.33,72.28,8.71,Mumbai,Maharashtra,45.63,70,2021
IR-O-U-0577,National Institute of Technology Durgapur,50.51,34.26,66.66,56.15,9.9,Durgapur,West Bengal,45.36,71,2021
IR-O-U-0410,Malaviya National Institute of Technology,56.13,35.12,57.57,58.38,5.57,Jaipur,Rajasthan,45.29,72,2021
IR-O-U-0056,Tezpur University,58.32,30.02,61.65,52.17,11.62,Tezpur,Assam,45.22,73,2021
IR-O-U-0458,Kalasalingam Academy of Research and Education,56.74,21.81,65.2,73.06,11.62,Srivilliputtur,Tamil Nadu,45.07,74,2021
IR-O-U-0446,Bharath Institute of Higher Education & Research,55.4,24.41,67.59,67.94,5.57,Chennai,Tamil Nadu,44.81,75,2021
IR-O-U-0196,University of Kashmir,60.49,19.51,77.03,50.12,2.18,Srinagar,Jammu and Kashmir,44.64,76,2021
IR-O-U-0747,Chandigarh University,57.48,14.24,63.4,75.44,28.91,Mohali,Punjab,44.62,77,2021
IR-O-U-0374,Dr. B R Ambedkar National Institute of Technology Jalandhar,54.39,25.23,64.17,63.76,14.35,Jalandhar,Punjab,44.53,78,2021
IR-O-I-1486,Sri Ramachandra Institute of Higher Education and Research,64.83,18.35,61.13,64.73,7.48,Chennai,Tamil Nadu,44.4,79,2021
IR-O-I-1110,Dr. D. Y. Patil Vidyapeeth,65.15,14.45,63.29,61.56,14.88,Pune,Maharashtra,44.19,80,2021
IR-O-U-0379,Lovely Professional University,47.55,27.51,63.87,65.97,20.7,Phagwara,Punjab,43.95,81,2021
IR-O-U-0184,Indian Institute of Technology Mandi,50.05,30.59,61.27,62.07,12.73,Mandi,Himachal Pradesh,43.93,82,2021
IR-O-U-0463,Madurai Kamaraj University,61.71,24.77,57.68,48.43,14.35,Madurai,Tamil Nadu,43.75,83,2021
IR-O-U-0642,Shiv Nadar University,59.5,19.37,63.5,59.14,13.28,Dadri,Uttar Pradesh,43.6,84,2021
IR-O-U-0376,Guru Nanak Dev University,40.78,28.63,76.11,53.77,17.89,Amritsar,Punjab,43.21,85,2021
IR-O-C-37013,PSG College of Technology,55.37,18.13,58.69,50.17,43.26,Coimbatore,Tamil Nadu,43.14,86,2021
IR-O-U-0369,Pondicherry University,39.94,30.1,72.4,58.18,17.89,Puducherry,Pondicherry,43.1,87,2021
IR-O-U-0530,Motilal Nehru National Institute of Technology Allahabad,47.86,28.49,67.68,54.77,11.06,Prayagraj,Uttar Pradesh,43.04,88,2021
IR-O-C-16604,Sri Sivasubramaniya Nadar College of Engineering,53.36,29.01,59.42,53.63,9.9,Kancheepuram,Tamil Nadu,42.94,89,2021
IR-O-U-0448,Bharathidasan University,54.74,29.92,53.67,47.8,18.85,Tiruchirappalli,Tamil Nadu,42.79,90,2021
IR-O-U-0341,North Eastern Hill University,55.53,16.31,74.61,51.63,11.62,Shillong,Meghalaya,42.79,90,2021
IR-O-U-0037,Sri Venkateswara University,51.21,19.87,79.19,50.61,5.57,Tirupati,Andhra Pradesh,42.78,92,2021
IR-O-U-0055,National Institute of Technology Silchar,47.28,32.31,64.18,52.84,6.85,Silchar,Assam,42.68,93,2021
IR-O-N-10,SVKM`s Narsee Monjee Institute of Management Studies,63.31,14.77,63.13,60.92,4.24,Mumbai,Maharashtra,42.56,94,2021
IR-O-U-0251,University of Calicut,63.32,16.64,63.32,54.77,2.88,Malappuram,Kerala,42.42,95,2021
IR-O-U-0318,University of Mumbai,49.58,19.08,78.35,47.78,7.48,Mumbai,Maharashtra,41.79,96,2021
IR-O-U-0589,Visva Bharati,49.51,26.16,73.81,36.58,6.22,Santiniketan,West Bengal,41.74,97,2021
IR-O-U-0149,Sardar Vallabhbhai National Institute of Technology,45.31,29.28,64.48,57.03,7.48,Surat,Gujarat,41.72,98,2021
IR-O-U-0099,Guru Gobind Singh Indraprastha University,48.12,22.64,64.22,52.45,21.15,New Delhi,Delhi,41.43,99,2021
IR-O-U-0295,Datta Meghe Institute of Medical Sciences,64.06,10.35,60.07,66.19,1.46,Wardha,Maharashtra,41.1,100,2021
IR-O-U-0456,Indian Institute of Technology Madras,86.56,91.98,89.36,62.95,98.75,Chennai,Tamil Nadu,87.59,1,2022
IR-O-U-0220,Indian Institute of Science,82.08,87.45,84.8,57.46,100.0,Bengaluru,Karnataka,83.57,2,2022
IR-O-U-0306,Indian Institute of Technology Bombay,85.55,84.09,83.08,59.54,88.8,Mumbai,Maharashtra,82.35,3,2022
IR-O-I-1074,Indian Institute of Technology Delhi,81.98,84.81,79.36,70.07,93.08,New Delhi,Delhi,82.22,4,2022
IR-O-I-1075,Indian Institute of Technology Kanpur,86.9,70.55,83.89,60.26,77.86,Kanpur,Uttar Pradesh,77.83,5,2022
IR-O-U-0573,Indian Institute of Technology Kharagpur,77.66,75.66,81.92,55.85,79.82,Kharagpur,West Bengal,75.94,6,2022
IR-O-U-0560,Indian Institute of Technology Roorkee,77.22,67.03,84.42,64.36,48.84,Roorkee,Uttarakhand,71.48,7,2022
IR-O-U-0053,Indian Institute of Technology Guwahati,78.29,63.54,83.26,59.58,45.93,Guwahati,Assam,69.75,8,2022
IR-O-N-15,All India Institute of Medical Sciences Delhi,75.57,60.39,72.67,67.37,75.15,New Delhi,Delhi,69.57,9,2022
IR-O-U-0109,Jawaharlal Nehru University,71.95,45.55,95.27,70.27,59.19,New Delhi,Delhi,67.25,10,2022
IR-O-U-0500,Banaras Hindu University,69.9,43.91,97.74,57.32,53.95,Varanasi,Uttar Pradesh,64.81,11,2022
IR-O-U-0575,Jadavpur University,63.57,53.73,90.1,56.86,49.53,Kolkata,West Bengal,63.85,12,2022
IR-O-U-0108,Jamia Millia Islamia,68.16,47.38,92.46,81.14,23.57,New Delhi,Delhi,63.62,13,2022
IR-O-U-0013,Indian Institute of Technology Hyderabad,73.43,53.18,71.53,56.73,49.01,Hyderabad,Telangana,62.86,14,2022
IR-O-U-0570,University of Calcutta,67.46,40.85,95.48,61.9,37.86,Kolkata,West Bengal,61.57,15,2022
IR-O-U-0436,Amrita Vishwa Vidyapeetham,69.8,50.06,74.09,69.53,38.09,Coimbatore,Tamil Nadu,61.54,16,2022
IR-O-U-0234,Manipal Academy of Higher Education,70.53,51.07,78.15,64.81,26.37,Manipal,Karnataka,61.23,17,2022
IR-O-U-0490,Vellore Institute of Technology,52.72,59.82,79.43,59.07,45.74,Vellore,Tamil Nadu,60.14,18,2022
IR-O-U-0496,Aligarh Muslim University,69.21,43.04,88.92,56.29,27.85,Aligarh,Uttar Pradesh,59.86,19,2022
IR-O-U-0042,University of Hyderabad,70.94,40.18,83.97,63.5,31.99,Hyderabad,Telangana,59.67,20,2022
IR-O-U-0467,National Institute of Technology Tiruchirappalli,60.73,45.71,75.74,66.48,52.2,Tiruchirappalli,Tamil Nadu,58.95,21,2022
IR-O-U-0439,Anna University,53.32,53.15,74.97,49.3,62.1,Chennai,Tamil Nadu,58.08,22,2022
IR-O-U-0120,University of Delhi,43.11,52.82,91.85,58.87,45.93,Delhi,Delhi,57.63,23,2022
IR-O-U-0447,Bharathiar University,63.97,44.36,78.31,63.96,26.97,Coimbatore,Tamil Nadu,57.26,24,2022
IR-O-U-0323,Savitribai Phule Pune University,63.66,41.64,92.44,52.07,16.97,Pune,Maharashtra,56.99,25,2022
IR-O-U-0305,Indian Institute of Science Education and Research Pune,71.66,44.18,65.43,62.94,27.85,Pune,Maharashtra,56.91,26,2022
IR-O-U-0237,National Institute of Technology Karnataka,59.32,45.14,75.55,64.44,38.54,Surathkal,Karnataka,56.74,27,2022
IR-O-U-0308,Institute of Chemical Technology,59.27,50.58,79.61,54.5,18.45,Mumbai,Maharashtra,56.16,28,2022
IR-O-U-0701,Indian Institute of Technology (Banaras Hindu University) Varanasi,54.43,50.31,74.26,56.63,39.21,Varanasi,Uttar Pradesh,55.85,29,2022
IR-O-U-0363,Siksha `O` Anusandhan,68.3,35.58,73.45,68.4,27.26,Bhubaneswar,Odisha,55.42,30,2022
IR-O-U-0273,Indian Institute of Technology Indore,62.47,49.93,72.44,52.99,16.21,Indore,Madhya Pradesh,55.13,31,2022
IR-O-U-0391,Birla Institute of Technology and Science Pilani,59.27,46.74,73.45,58.76,27.26,Pilani,Rajasthan,55.1,32,2022
IR-O-U-0304,Homi Bhabha National Institute,72.51,45.25,68.93,52.01,5.31,Mumbai,Maharashtra,54.85,33,2022
IR-O-U-0356,Kalinga Institute of Industrial Technology,69.0,30.2,75.13,77.86,17.71,Bhubaneswar,Odisha,54.35,34,2022
IR-O-U-0378,Indian Institute of Technology Ropar,75.19,33.66,65.71,64.34,20.57,Rupnagar,Punjab,54.29,35,2022
IR-O-U-0473,S.R.M. Institute of Science and Technology,57.91,45.28,71.41,62.54,25.15,Chennai,Tamil Nadu,53.99,36,2022
IR-O-U-0139,Indian Institute of Technology Gandhinagar,67.9,39.04,65.84,66.49,20.23,Gandhinagar,Gujarat,53.92,37,2022
IR-O-U-0205,Indian Institute of Technology (Indian School of Mines) Dhanbad,51.07,54.66,71.79,54.34,23.57,Dhanbad,Jharkhand,53.87,38,2022
IR-O-U-0357,National Institute of Technology Rourkela,59.35,49.09,68.7,56.9,18.08,Rourkela,Odisha,53.77,39,2022
IR-O-U-0572,Indian Institute of Science Education and Research Kolkata,63.56,39.42,66.2,56.59,25.46,Mohanpur,West Bengal,52.35,40,2022
IR-O-U-0078,Panjab University,48.43,43.18,74.62,60.73,27.56,Chandigarh,Chandigarh,51.23,41,2022
IR-O-U-0497,Amity University,49.57,47.89,70.35,64.17,13.43,Gautam Budh Nagar,Uttar Pradesh,51.07,42,2022
IR-O-U-0184,Indian Institute of Technology Mandi,62.79,37.25,65.56,67.01,12.18,Mandi,Himachal Pradesh,51.05,43,2022
IR-O-I-1441,Saveetha Institute of Medical and Technical Sciences,56.29,43.01,69.46,65.97,5.31,Chennai,Tamil Nadu,50.81,44,2022
IR-O-U-0025,National Institute of Technology Warangal,57.73,35.23,73.48,55.14,25.15,Warangal,Telangana,50.61,45,2022
IR-O-U-0027,Osmania University,60.22,30.41,79.98,56.37,17.71,Hyderabad,Telangana,50.6,46,2022
IR-O-U-0377,Indian Institute of Science Education and Research Mohali,63.85,32.08,62.89,71.44,20.57,Mohali,Punjab,50.55,47,2022
IR-O-U-0747,Chandigarh University,63.04,22.16,69.27,78.62,31.19,Mohali,Punjab,50.39,48,2022
IR-O-U-0476,Shanmugha Arts Science Technology & Research Academy,61.35,38.23,67.66,59.74,9.57,Thanjavur,Tamil Nadu,50.33,49,2022
IR-O-U-0458,Kalasalingam Academy of Research and Education,60.1,26.46,71.2,74.72,22.92,Srivilliputtur,Tamil Nadu,49.97,50,2022
IR-O-U-0262,Mahatma Gandhi University,65.16,36.16,70.48,51.18,2.74,Kottayam,Kerala,49.89,51,2022
IR-O-U-0260,University of Kerala,65.23,20.29,94.4,51.07,2.21,Thiruvananthapuram,Kerala,49.87,52,2022
IR-O-U-0435,Alagappa University,61.66,32.63,72.21,51.56,18.45,Karaikudi,Tamil Nadu,49.73,53,2022
IR-O-U-0235,University of Mysore,68.9,16.81,90.68,53.79,4.8,Mysuru,Karnataka,49.71,54,2022
IR-O-U-0020,Koneru Lakshmaiah Education Foundation University (K L College of Engineering),61.22,36.63,67.04,56.83,12.6,Vaddeswaram,Andhra Pradesh,49.71,54,2022
IR-O-U-0368,Jawaharlal Institute of Post Graduate Medical Education & Research,68.18,26.11,63.63,68.18,18.81,Puducherry,Pondicherry,49.71,54,2022
IR-O-I-1480,Thapar Institute of Engineering and Technology,49.86,44.83,70.57,55.09,16.21,Patiala,Punjab,49.65,57,2022
IR-O-U-0379,Lovely Professional University,56.4,34.71,66.11,69.33,20.57,Phagwara,Punjab,49.54,58,2022
IR-O-U-0064,Indian Institute of Technology Patna,62.04,39.31,62.25,51.98,14.24,Patna,Bihar,49.47,59,2022
IR-O-U-0222,JSS Academy of Higher Education and Research,68.12,21.4,69.04,69.37,16.97,Mysuru,Karnataka,49.31,60,2022
IR-O-U-0272,Indian Institute of Science Education and Research Bhopal,66.74,29.19,64.82,66.84,8.66,Bhopal,Madhya Pradesh,49.29,61,2022
IR-O-U-0329,Symbiosis International,65.62,17.8,74.9,66.57,25.46,Pune,Maharashtra,49.22,62,2022
IR-O-U-0098,Delhi Technological University,57.93,32.46,66.55,57.34,28.71,New Delhi,Delhi,49.03,63,2022
IR-O-U-0052,Gauhati University,59.42,21.66,89.82,58.19,8.66,Guwahati,Assam,48.98,64,2022
IR-O-U-0355,Indian Institute of Technology Bhubaneswar,53.86,38.2,65.46,60.45,16.97,Bhubaneswar,Odisha,48.46,65,2022
IR-O-U-0584,Indian Institute of Engineering Science and Technology,50.01,39.35,70.44,48.26,27.26,Howrah,West Bengal,48.45,66,2022
IR-O-U-0474,Sathyabama Institute of Science and Technology,56.99,29.87,65.82,65.05,23.57,Chennai,Tamil Nadu,48.09,67,2022
IR-O-U-0334,Visvesvaraya National Institute of Technology Nagpur,53.53,39.28,70.53,54.61,6.29,Nagpur,Maharashtra,48.05,68,2022
IR-O-U-0253,Cochin University of Science and Technology,57.05,32.57,73.37,51.63,13.02,Cochin,Kerala,48.02,69,2022
IR-O-I-1357,University of Madras,56.58,32.35,71.3,52.41,18.45,Chennai,Tamil Nadu,48.01,70,2022
IR-O-U-0006,Andhra University,54.05,25.8,85.7,53.73,15.04,Visakhapatnam,Andhra Pradesh,47.97,71,2022
IR-O-U-0577,National Institute of Technology Durgapur,53.96,35.16,70.09,57.15,14.24,Durgapur,West Bengal,47.9,72,2022
IR-O-U-0136,Gujarat University,64.75,18.38,83.3,57.39,3.78,Ahmedabad,Gujarat,47.72,73,2022
IR-O-U-0107,Jamia Hamdard,56.93,30.15,70.35,60.93,12.18,New Delhi,Delhi,47.5,74,2022
IR-O-U-0523,King George`s Medical University,66.33,26.31,63.36,55.83,9.57,Lucknow,Uttar Pradesh,47.0,75,2022
IR-O-U-0055,National Institute of Technology Silchar,52.26,36.84,68.43,57.1,6.29,Silchar,Assam,46.76,76,2022
IR-O-I-1110,Dr. D. Y. Patil Vidyapeeth,69.78,19.22,64.27,61.3,10.89,Pune,Maharashtra,46.76,76,2022
IR-O-U-0498,Babasaheb Bhimrao Ambedkar University,53.54,19.68,82.46,74.59,4.8,Lucknow,Uttar Pradesh,46.39,78,2022
IR-O-S-8909,Indian Institute of Management Kozhikode,65.93,15.51,61.55,72.34,23.89,Kozhikode,Kerala,46.36,79,2022
IR-O-U-0376,Guru Nanak Dev University,51.06,28.73,78.53,56.6,10.01,Amritsar,Punjab,46.31,80,2022
IR-O-U-0318,University of Mumbai,55.16,22.52,82.54,55.95,7.26,Mumbai,Maharashtra,46.15,81,2022
IR-O-U-0448,Bharathidasan University,57.72,32.56,61.8,48.1,18.81,Tiruchirappalli,Tamil Nadu,46.14,82,2022
IR-O-I-1486,Sri Ramachandra Institute of Higher Education and Research,69.68,17.07,64.33,65.08,6.78,Chennai,Tamil Nadu,46.08,83,2022
IR-O-U-0196,University of Kashmir,60.58,21.23,79.56,51.37,3.78,Srinagar,Jammu and Kashmir,45.98,84,2022
IR-O-U-0374,Dr. B R Ambedkar National Institute of Technology Jalandhar,57.67,27.88,66.39,64.32,4.8,Jalandhar,Punjab,45.85,85,2022
IR-O-U-0689,All India Institute of Medical Sciences Jodhpur,64.36,26.23,60.4,61.19,4.3,Jodhpur,Rajasthan,45.81,86,2022
IR-O-U-0389,Banasthali Vidyapith,53.01,15.98,84.96,75.83,5.31,Banasthali,Rajasthan,45.8,87,2022
IR-O-U-0463,Madurai Kamaraj University,63.33,24.04,65.24,52.47,12.6,Madurai,Tamil Nadu,45.77,88,2022
IR-O-N-10,SVKM`s Narsee Monjee Institute of Management Studies,68.42,17.66,64.52,62.17,7.26,Mumbai,Maharashtra,45.68,89,2022
IR-O-U-0056,Tezpur University,59.71,27.49,63.29,50.67,16.97,Tezpur,Assam,45.59,90,2022
IR-O-U-0410,Malaviya National Institute of Technology,51.72,38.69,60.72,56.19,3.78,Jaipur,Rajasthan,45.27,91,2022
IR-O-U-0295,Datta Meghe Institute of Medical Sciences,65.25,23.54,59.6,65.38,1.12,Wardha,Maharashtra,45.21,92,2022
IR-O-U-0195,University of Jammu,64.9,19.12,74.83,46.63,2.74,Jammu,Jammu and Kashmir,45.11,93,2022
IR-O-U-0642,Shiv Nadar University,63.53,20.75,64.7,61.38,5.8,Dadri,Uttar Pradesh,44.94,94,2022
IR-O-U-0446,Bharath Institute of Higher Education & Research,56.2,23.15,70.31,64.28,4.3,Chennai,Tamil Nadu,44.73,95,2022
IR-O-C-16604,Sri Sivasubramaniya Nadar College of Engineering,53.14,30.69,63.87,52.73,15.04,Kancheepuram,Tamil Nadu,44.69,96,2022
IR-O-U-0564,UPES,56.69,19.48,60.48,65.01,31.99,Dehradun,Uttarakhand,44.65,97,2022
IR-O-U-0215,Bangalore University,58.7,17.38,74.73,57.04,10.45,Bangalore,Karnataka,44.53,98,2022
IR-O-U-0331,Tata Institute of Social Sciences,56.66,10.45,78.36,75.42,11.75,Mumbai,Maharashtra,44.52,99,2022
IR-O-U-0249,Visvesvaraya Technological University,58.94,27.28,61.1,58.36,4.3,Belgaum,Karnataka,44.35,100,2022
IR-O-U-0456,Indian Institute of Technology Madras,86.45,89.88,87.22,63.59,100.0,Chennai,Tamil Nadu,86.69,1,2023
IR-O-U-0220,Indian Institute of Science,82.43,88.45,80.57,59.23,97.94,Bengaluru,Karnataka,83.09,2,2023
IR-O-I-1074,Indian Institute of Technology Delhi,82.06,85.23,79.21,70.32,90.98,New Delhi,Delhi,82.16,3,2023
IR-O-U-0306,Indian Institute of Technology Bombay,80.71,86.14,84.26,58.76,84.98,Mumbai,Maharashtra,81.28,4,2023
IR-O-I-1075,Indian Institute of Technology Kanpur,85.45,72.94,83.62,60.24,69.84,Kanpur,Uttar Pradesh,77.23,5,2023
IR-O-N-15,All India Institute of Medical Sciences Delhi,76.47,67.75,70.46,72.72,75.23,New Delhi,Delhi,72.14,6,2023
IR-O-U-0573,Indian Institute of Technology Kharagpur,73.29,72.25,76.75,57.44,70.68,Kharagpur,West Bengal,71.82,7,2023
IR-O-U-0560,Indian Institute of Technology Roorkee,77.69,68.0,83.15,62.8,50.36,Roorkee,Uttarakhand,71.66,8,2023
IR-O-U-0053,Indian Institute of Technology Guwahati,73.43,66.98,82.95,58.3,42.44,Guwahati,Assam,68.78,9,2023
IR-O-U-0109,Jawaharlal Nehru University,73.55,46.56,94.89,73.64,50.73,New Delhi,Delhi,67.44,10,2023
IR-O-U-0500,Banaras Hindu University,72.77,49.18,99.64,61.5,45.43,Varanasi,Uttar Pradesh,67.21,11,2023
IR-O-U-0108,Jamia Millia Islamia,69.38,49.83,93.85,83.41,26.4,New Delhi,Delhi,65.52,12,2023
IR-O-U-0575,Jadavpur University,67.63,53.66,90.61,56.79,41.08,Kolkata,West Bengal,64.3,13,2023
IR-O-U-0013,Indian Institute of Technology Hyderabad,74.38,55.13,73.26,59.03,48.36,Hyderabad,Telangana,64.24,14,2023
IR-O-U-0436,Amrita Vishwa Vidyapeetham,73.39,50.35,73.93,72.47,35.71,Coimbatore,Tamil Nadu,62.74,15,2023
IR-O-U-0234,Manipal Academy of Higher Education,72.87,54.02,77.97,66.1,24.39,Manipal,Karnataka,62.71,16,2023
IR-O-U-0490,Vellore Institute of Technology,55.66,63.59,80.43,62.55,45.71,Vellore,Tamil Nadu,62.7,17,2023
IR-O-U-0439,Anna University,56.24,64.24,74.58,50.29,62.67,Chennai,Tamil Nadu,62.36,18,2023
IR-O-U-0496,Aligarh Muslim University,68.87,46.88,94.55,60.04,26.4,Aligarh,Uttar Pradesh,62.27,19,2023
IR-O-U-0042,University of Hyderabad,70.46,44.54,83.27,66.58,26.83,Hyderabad,Telangana,60.49,20,2023
IR-O-U-0467,National Institute of Technology Tiruchirappalli,59.68,48.55,76.18,68.33,58.95,Tiruchirappalli,Tamil Nadu,60.43,21,2023
IR-O-U-0120,University of Delhi,46.65,54.3,97.84,63.98,39.84,Delhi,Delhi,60.24,22,2023
IR-O-U-0570,University of Calcutta,66.11,42.3,97.37,53.01,29.33,Kolkata,West Bengal,60.22,23,2023
IR-O-U-0139,Indian Institute of Technology Gandhinagar,74.59,43.13,69.53,69.14,27.47,Gandhinagar,Gujarat,58.89,24,2023
IR-O-U-0391,Birla Institute of Technology and Science Pilani,61.65,56.26,74.65,59.16,25.3,Pilani,Rajasthan,58.76,25,2023
IR-O-U-0363,Siksha `O` Anusandhan,69.78,40.1,73.26,73.35,34.11,Bhubaneswar,Odisha,58.35,26,2023
IR-O-I-1441,Saveetha Institute of Medical and Technical Sciences,69.83,52.18,71.3,67.38,5.37,Chennai,Tamil Nadu,58.14,27,2023
IR-O-U-0273,Indian Institute of Technology Indore,66.36,52.71,72.96,60.81,16.1,Indore,Madhya Pradesh,58.0,28,2023
IR-O-U-0356,Kalinga Institute of Industrial Technology,69.63,38.02,78.87,80.13,14.39,Bhubaneswar,Odisha,57.52,29,2023
IR-O-U-0304,Homi Bhabha National Institute,73.14,49.45,71.36,54.35,6.08,Mumbai,Maharashtra,57.09,30,2023
IR-O-U-0701,Indian Institute of Technology (Banaras Hindu University) Varanasi,54.83,53.2,75.62,57.38,38.07,Varanasi,Uttar Pradesh,57.08,31,2023
IR-O-U-0473,S.R.M. Institute of Science and Technology,61.62,47.02,74.95,64.61,23.94,Chennai,Tamil Nadu,56.44,32,2023
IR-O-U-0378,Indian Institute of Technology Ropar,73.68,38.46,66.67,66.44,25.52,Rupnagar,Punjab,56.16,33,2023
IR-O-U-0305,Indian Institute of Science Education and Research Pune,72.45,43.72,63.27,63.57,21.81,Pune,Maharashtra,56.05,34,2023
IR-O-U-0323,Savitribai Phule Pune University,60.99,39.3,94.63,51.78,15.82,Pune,Maharashtra,55.78,35,2023
IR-O-U-0447,Bharathiar University,63.1,43.77,78.87,51.98,25.52,Coimbatore,Tamil Nadu,55.58,36,2023
IR-O-U-0357,National Institute of Technology Rourkela,59.99,51.67,72.69,60.11,14.68,Rourkela,Odisha,55.52,37,2023
IR-O-U-0237,National Institute of Technology Karnataka,58.46,45.25,75.59,59.23,33.2,Surathkal,Karnataka,55.47,38,2023
IR-O-U-0368,Jawaharlal Institute of Post Graduate Medical Education & Research,73.6,32.12,72.32,71.51,20.83,Puducherry,Pondicherry,55.41,39,2023
IR-O-I-1480,Thapar Institute of Engineering and Technology,62.01,49.73,72.17,64.05,8.15,Patiala,Punjab,55.17,40,2023
IR-O-U-0308,Institute of Chemical Technology,56.32,49.6,77.89,55.88,15.82,Mumbai,Maharashtra,54.53,41,2023
IR-O-U-0205,Indian Institute of Technology (Indian School of Mines) Dhanbad,52.5,54.93,69.0,58.02,20.33,Dhanbad,Jharkhand,53.86,42,2023
IR-O-U-0572,Indian Institute of Science Education and Research Kolkata,68.17,41.0,70.16,55.58,13.81,Mohanpur,West Bengal,53.72,43,2023
IR-O-U-0078,Panjab University,51.09,46.65,75.77,59.92,28.52,Chandigarh,Chandigarh,53.31,44,2023
IR-O-U-0747,Chandigarh University,63.55,25.22,75.62,80.27,35.18,Mohali,Punjab,53.29,45,2023
IR-O-U-0379,Lovely Professional University,55.92,44.38,66.06,68.34,30.92,Phagwara,Punjab,53.22,46,2023
IR-O-U-0260,University of Kerala,66.66,22.8,96.02,58.87,8.15,Thiruvananthapuram,Kerala,52.75,47,2023
IR-O-U-0458,Kalasalingam Academy of Research and Education,62.66,30.87,74.68,76.42,18.79,Srivilliputtur,Tamil Nadu,52.52,48,2023
IR-O-U-0476,Shanmugha Arts Science Technology & Research Academy,63.88,40.86,68.45,59.4,9.48,Thanjavur,Tamil Nadu,52.0,49,2023
IR-O-U-0020,Koneru Lakshmaiah Education Foundation University (K L College of Engineering),62.02,40.74,69.49,57.63,14.68,Vaddeswaram,Andhra Pradesh,51.96,50,2023
IR-O-U-0377,Indian Institute of Science Education and Research Mohali,63.52,33.6,68.58,72.34,17.73,Mohali,Punjab,51.86,51,2023
IR-O-U-0262,Mahatma Gandhi University,65.63,38.86,73.44,51.23,6.78,Kottayam,Kerala,51.84,52,2023
IR-O-U-0025,National Institute of Technology Warangal,57.69,39.42,73.79,58.99,20.33,Warangal,Telangana,51.83,53,2023
IR-O-U-0263,National Institute of Technology Calicut,61.05,33.04,73.62,69.11,17.73,Kozhikode,Kerala,51.62,54,2023
IR-O-U-0222,JSS Academy of Higher Education and Research,68.52,23.47,69.35,74.68,22.05,Mysuru,Karnataka,51.15,55,2023
IR-O-U-0435,Alagappa University,61.51,36.63,73.97,52.13,15.54,Karaikudi,Tamil Nadu,50.99,56,2023
IR-O-U-0497,Amity University,47.8,47.16,71.25,64.65,16.65,Gautam Budh Nagar,Uttar Pradesh,50.88,57,2023
IR-O-U-0196,University of Kashmir,70.64,26.93,79.58,53.05,2.77,Srinagar,Jammu and Kashmir,50.77,58,2023
IR-O-U-0329,Symbiosis International,67.62,22.91,77.78,63.18,15.54,Pune,Maharashtra,50.59,59,2023
IR-O-U-0272,Indian Institute of Science Education and Research Bhopal,69.05,31.54,63.8,68.33,8.15,Bhopal,Madhya Pradesh,50.58,60,2023
IR-O-U-0098,Delhi Technological University,59.19,35.77,66.39,59.17,28.52,New Delhi,Delhi,50.54,61,2023
IR-O-U-0410,Malaviya National Institute of Technology,54.44,42.78,70.67,60.93,9.8,Jaipur,Rajasthan,50.36,62,2023
IR-O-U-0253,Cochin University of Science and Technology,62.4,34.36,73.79,51.74,13.81,Cochin,Kerala,50.34,63,2023
IR-O-U-0027,Osmania University,58.74,31.24,81.26,57.91,9.15,Hyderabad,Telangana,49.94,64,2023
IR-O-I-1357,University of Madras,64.74,32.9,69.4,53.23,14.39,Chennai,Tamil Nadu,49.93,65,2023
IR-O-U-0064,Indian Institute of Technology Patna,52.66,42.86,70.65,57.06,12.92,Patna,Bihar,49.79,66,2023
IR-O-U-0395,Indian Institute of Technology Jodhpur,66.08,31.56,64.6,66.66,9.15,Jodhpur,Rajasthan,49.79,66,2023
IR-O-U-0584,Indian Institute of Engineering Science and Technology,53.57,38.83,70.43,58.7,21.07,Howrah,West Bengal,49.79,66,2023
IR-O-U-0498,Babasaheb Bhimrao Ambedkar University,59.83,24.29,82.07,76.83,2.0,Lucknow,Uttar Pradesh,49.53,69,2023
IR-O-U-0448,Bharathidasan University,57.54,36.39,74.18,52.05,12.31,Tiruchirappalli,Tamil Nadu,49.45,70,2023
IR-O-U-0235,University of Mysore,67.43,18.61,87.02,54.62,5.01,Mysuru,Karnataka,49.17,71,2023
IR-O-U-0374,Dr. B R Ambedkar National Institute of Technology Jalandhar,57.76,30.74,67.91,66.08,23.0,Jalandhar,Punjab,49.04,72,2023
IR-O-U-0184,Indian Institute of Technology Mandi,56.69,37.36,63.04,67.59,14.39,Mandi,Himachal Pradesh,49.03,73,2023
IR-O-U-0381,Punjab Agricultural University,70.53,28.29,67.48,50.37,7.82,Ludhiana,Punjab,48.97,74,2023
IR-O-U-0295,Datta Meghe Institute of Medical Sciences,67.16,32.85,62.14,64.76,0.0,Wardha,Maharashtra,48.92,75,2023
IR-O-U-0006,Andhra University,54.39,25.74,84.77,58.63,16.92,Visakhapatnam,Andhra Pradesh,48.54,76,2023
IR-O-U-0523,King George`s Medical University,70.83,26.63,63.34,56.64,9.48,Lucknow,Uttar Pradesh,48.52,77,2023
IR-O-U-0107,Jamia Hamdard,56.02,32.49,70.37,66.02,11.7,New Delhi,Delhi,48.4,78,2023
IR-O-U-0564,UPES,58.19,28.69,60.55,67.05,34.47,Dehradun,Uttarakhand,48.34,79,2023
IR-O-C-16604,Sri Sivasubramaniya Nadar College of Engineering,57.79,37.02,67.61,53.63,8.49,Kalavakkam,Tamil Nadu,48.18,80,2023
IR-O-I-1110,Dr. D. Y. Patil Vidyapeeth,70.64,20.55,63.6,62.36,18.53,Pune,Maharashtra,48.17,81,2023
IR-O-U-0334,Visvesvaraya National Institute of Technology Nagpur,53.93,39.03,68.88,55.67,9.15,Nagpur,Maharashtra,48.15,82,2023
IR-O-U-0055,National Institute of Technology Silchar,51.36,42.81,68.84,54.16,6.78,Silchar,Assam,48.12,83,2023
IR-O-U-0474,Sathyabama Institute of Science and Technology,53.39,35.72,64.67,66.38,16.38,Chennai,Tamil Nadu,47.95,84,2023
IR-O-U-0136,Gujarat University,64.84,18.62,83.31,59.33,2.77,Ahmedabad,Gujarat,47.91,85,2023
IR-O-U-0691,All India Institute of Medical Sciences Rishikesh,70.55,29.68,49.57,69.59,9.48,Rishikesh,Uttarakhand,47.89,86,2023
IR-O-U-0376,Guru Nanak Dev University,54.75,27.23,77.53,62.47,12.01,Amritsar,Punjab,47.55,87,2023
IR-O-N-10,SVKM`s Narsee Monjee Institute of Management Studies,70.37,21.34,64.97,64.61,5.01,Mumbai,Maharashtra,47.46,88,2023
IR-O-U-0555,Graphic Era University,57.45,22.95,64.11,69.99,33.38,Dehradun,Uttarakhand,47.29,89,2023
IR-O-U-0577,National Institute of Technology Durgapur,51.12,34.57,72.25,56.11,10.45,Durgapur,West Bengal,46.81,90,2023
IR-O-U-0355,Indian Institute of Technology Bhubaneswar,47.35,37.34,67.86,58.25,19.31,Bhubaneswar,Odisha,46.73,91,2023
IR-O-U-0249,Visvesvaraya Technological University,58.85,34.69,61.46,57.77,3.53,Belgaum,Karnataka,46.48,92,2023
IR-O-U-0485,Tamil Nadu Agricultural University,71.27,14.78,69.8,55.16,10.45,Coimbatore,Tamil Nadu,46.33,93,2023
IR-O-U-0463,Madurai Kamaraj University,63.47,24.45,68.37,51.8,10.45,Madurai,Tamil Nadu,46.26,94,2023
IR-O-U-0642,Shiv Nadar University,65.26,24.23,59.23,65.34,9.48,Gautam Buddha Nagar,Uttar Pradesh,46.18,95,2023
IR-O-U-0318,University of Mumbai,56.15,17.82,86.24,56.27,7.82,Mumbai,Maharashtra,45.86,96,2023
IR-O-U-0389,Banasthali Vidyapith,50.45,17.72,84.22,77.31,8.15,Banasthali,Rajasthan,45.85,97,2023
IR-O-I-1486,Sri Ramachandra Institute of Higher Education and Research,68.85,18.53,62.74,62.9,7.82,Chennai,Tamil Nadu,45.84,98,2023
IR-O-S-8972,Indian Institute of Management Calcutta,60.63,14.58,63.6,66.22,38.4,Kolkata,West Bengal,45.74,99,2023
IR-O-U-0217,Christ University,52.14,18.96,67.2,69.84,39.05,Bengaluru,Karnataka,45.65,100,2023
IR-O-U-0456,Indian Institute of Technology Madras,88.37,87.3,85.76,65.68,100.0,Chennai,Tamil Nadu,86.42,1,2024
IR-O-U-0220,Indian Institute of Science,83.6,86.5,82.17,58.46,99.7,Bengaluru,Karnataka,83.28,2,2024
IR-O-U-0306,Indian Institute of Technology Bombay,83.85,82.35,83.36,59.05,89.32,Mumbai,Maharashtra,81.37,3,2024
IR-O-I-1074,Indian Institute of Technology Delhi,76.57,86.23,77.48,66.23,93.48,New Delhi,Delhi,80.31,4,2024
IR-O-I-1075,Indian Institute of Technology Kanpur,89.84,69.09,81.96,60.83,74.12,Kanpur,Uttar Pradesh,77.56,5,2024
IR-O-U-0573,Indian Institute of Technology Kharagpur,76.65,74.94,80.18,57.29,75.24,Kharagpur,West Bengal,74.77,6,2024
IR-O-N-15,All India Institute of Medical Sciences Delhi,79.09,71.26,68.66,71.29,82.97,New Delhi,Delhi,74.27,7,2024
IR-O-U-0560,Indian Institute of Technology Roorkee,76.55,70.48,79.14,62.91,52.89,Roorkee,Uttarakhand,71.52,8,2024
IR-O-U-0053,Indian Institute of Technology Guwahati,76.33,64.43,81.35,61.96,43.43,Guwahati,Assam,69.04,9,2024
IR-O-U-0109,Jawaharlal Nehru University,74.93,45.27,97.34,72.28,57.71,New Delhi,Delhi,68.53,10,2024
IR-O-U-0500,Banaras Hindu University,73.59,51.01,94.94,61.57,50.25,Varanasi,Uttar Pradesh,67.56,11,2024
IR-O-U-0013,Indian Institute of Technology Hyderabad,78.96,56.59,73.33,59.21,54.34,Hyderabad,Telangana,66.69,12,2024
IR-O-U-0108,Jamia Millia Islamia,71.29,49.28,92.72,83.1,29.78,New Delhi,Delhi,66.0,13,2024
IR-O-U-0234,Manipal Academy of Higher Education,78.11,55.94,77.34,67.33,25.34,Manipal,Karnataka,64.94,14,2024
IR-O-U-0120,University of Delhi,56.75,56.42,98.54,67.57,43.93,Delhi,Delhi,64.81,15,2024
IR-O-U-0496,Aligarh Muslim University,74.02,45.91,93.81,61.15,33.15,Aligarh,Uttar Pradesh,64.17,16,2024
IR-O-U-0575,Jadavpur University,68.83,51.35,89.92,49.94,48.2,Kolkata,West Bengal,63.84,17,2024
IR-O-U-0436,Amrita Vishwa Vidyapeetham,76.51,47.82,77.63,73.83,36.07,Coimbatore,Tamil Nadu,63.81,18,2024
IR-O-U-0490,Vellore Institute of Technology,61.51,61.95,79.42,61.11,39.35,Vellore,Tamil Nadu,62.97,19,2024
IR-O-U-0439,Anna University,60.32,63.51,71.58,48.93,64.13,Chennai,Tamil Nadu,62.77,20,2024
IR-O-U-0473,S.R.M. Institute of Science and Technology,71.69,55.43,76.92,68.55,17.02,Chennai,Tamil Nadu,62.07,21,2024
IR-O-I-1441,Saveetha Institute of Medical and Technical Sciences,72.59,60.87,72.82,66.07,5.79,Chennai,Tamil Nadu,61.79,22,2024
IR-O-U-0391,Birla Institute of Technology and Science Pilani,66.06,57.83,75.19,58.49,28.11,Pilani,Rajasthan,60.87,23,2024
IR-O-U-0363,Siksha `O` Anusandhan,74.09,42.19,74.06,72.74,37.65,Bhubaneswar,Odisha,60.73,24,2024
IR-O-U-0042,University of Hyderabad,72.69,45.58,81.39,62.26,25.6,Hyderabad,Telangana,60.55,25,2024
IR-O-U-0570,University of Calcutta,70.01,42.11,92.19,50.17,31.61,Kolkata,West Bengal,60.25,26,2024
IR-O-U-0304,Homi Bhabha National Institute,76.29,52.45,76.95,53.84,7.42,Mumbai,Maharashtra,60.13,27,2024
IR-O-U-0356,Kalinga Institute of Industrial Technology,74.74,42.01,79.53,76.35,13.72,Bhubaneswar,Odisha,59.94,28,2024
IR-O-U-0139,Indian Institute of Technology Gandhinagar,76.4,41.53,69.97,69.21,24.82,Gandhinagar,Gujarat,58.77,29,2024
IR-O-U-0701,Indian Institute of Technology (Banaras Hindu University) Varanasi,57.16,54.95,76.25,57.97,40.09,Varanasi,Uttar Pradesh,58.69,30,2024
IR-O-U-0467,National Institute of Technology Tiruchirappalli,57.74,48.14,74.21,64.62,55.37,Tiruchirappalli,Tamil Nadu,58.6,31,2024
IR-O-U-0747,Chandigarh University,68.5,39.66,78.18,77.52,24.56,Mohali,Punjab,58.3,32,2024
IR-O-U-0273,Indian Institute of Technology Indore,65.54,50.91,71.78,60.73,19.49,Indore,Madhya Pradesh,57.31,33,2024
IR-O-U-0357,National Institute of Technology Rourkela,63.94,50.54,75.22,59.6,17.02,Rourkela,Odisha,57.04,34,2024
IR-O-U-0205,Indian Institute of Technology (Indian School of Mines) Dhanbad,59.69,55.05,71.72,59.2,22.93,Dhanbad,Jharkhand,56.97,35,2024
IR-O-U-0222,JSS Academy of Higher Education and Research,76.68,32.12,69.66,76.95,15.07,Mysuru,Karnataka,55.79,36,2024
IR-O-U-0323,Savitribai Phule Pune University,61.07,39.17,89.65,52.59,24.29,Pune,Maharashtra,55.69,37,2024
IR-O-U-0260,University of Kerala,74.52,26.72,94.82,58.19,4.52,Thiruvananthapuram,Kerala,55.61,38,2024
IR-O-U-0368,Jawaharlal Institute of Post Graduate Medical Education & Research,72.86,33.47,71.01,70.11,24.02,Puducherry,Pondicherry,55.51,39,2024
IR-O-U-0020,Koneru Lakshmaiah Education Foundation University (K L College of Engineering),67.87,41.54,71.78,66.48,16.38,Vaddeswaram,Andhra Pradesh,55.47,40,2024
IR-O-U-0006,Andhra University,75.44,26.05,85.19,64.68,10.13,Visakhapatnam,Andhra Pradesh,54.97,41,2024
IR-O-U-0305,Indian Institute of Science Education and Research Pune,72.8,41.09,61.53,62.28,21.53,Pune,Maharashtra,54.86,42,2024
IR-O-I-1480,Thapar Institute of Engineering and Technology,65.0,43.36,71.19,63.83,17.02,Patiala,Punjab,54.83,43,2024
IR-O-U-0447,Bharathiar University,64.04,42.45,78.16,54.05,18.27,Coimbatore,Tamil Nadu,54.81,44,2024
IR-O-U-0379,Lovely Professional University,57.1,49.75,66.63,69.81,22.1,Phagwara,Punjab,54.58,45,2024
IR-O-U-0237,National Institute of Technology Karnataka,55.75,43.41,74.39,62.79,35.25,Surathkal,Karnataka,54.44,46,2024
IR-O-U-0476,Shanmugha Arts Science Technology & Research Academy,69.41,37.64,71.47,66.23,11.24,Thanjavur,Tamil Nadu,54.14,47,2024
IR-O-U-0378,Indian Institute of Technology Ropar,68.81,39.95,67.5,65.22,14.74,Rupnagar,Punjab,54.12,48,2024
IR-O-U-0497,Amity University,56.77,50.31,71.92,65.59,9.75,Gautam Budh Nagar,Uttar Pradesh,54.04,49,2024
IR-O-U-0458,Kalasalingam Academy of Research and Education,69.75,32.36,74.56,74.3,10.5,Srivilliputhur,Tamil Nadu,54.02,50,2024
IR-O-U-0253,Cochin University of Science and Technology,71.68,35.53,73.76,56.1,14.74,Cochin,Kerala,53.99,51,2024
IR-O-U-0329,Symbiosis International,72.53,27.49,78.53,64.79,17.34,Pune,Maharashtra,53.93,52,2024
IR-O-U-0025,National Institute of Technology Warangal,61.76,42.22,72.75,57.84,22.1,Warangal,Telangana,53.74,53,2024
IR-O-U-0263,National Institute of Technology Calicut,66.21,32.44,72.82,68.16,26.88,Kozhikode,Kerala,53.66,54,2024
IR-O-U-0448,Bharathidasan University,65.13,39.14,79.78,53.33,8.99,Tiruchirappalli,Tamil Nadu,53.47,55,2024
IR-O-U-0308,Institute of Chemical Technology,55.91,45.68,75.08,55.39,23.48,Mumbai,Maharashtra,53.38,56,2024
IR-O-U-0052,Gauhati University,71.82,24.11,88.28,60.98,7.42,Guwahati,Assam,53.28,57,2024
IR-O-U-0498,Babasaheb Bhimrao Ambedkar University,69.31,25.46,80.94,78.63,7.82,Lucknow,Uttar Pradesh,53.26,58,2024
IR-O-U-0564,UPES,64.11,41.19,60.62,65.76,27.62,Dehradun,Uttarakhand,53.05,59,2024
IR-O-U-0078,Panjab University,54.31,42.01,74.07,63.38,29.55,Chandigarh,Chandigarh,52.99,60,2024
IR-O-U-0572,Indian Institute of Science Education and Research Kolkata,68.89,39.53,66.79,54.52,15.73,Mohanpur,West Bengal,52.91,61,2024
IR-O-U-0107,Jamia Hamdard,68.66,34.45,70.2,66.17,12.32,New Delhi,Delhi,52.83,62,2024
IR-O-I-1110,Dr. D. Y. Patil Vidyapeeth,74.46,26.12,63.1,61.74,37.45,Pune,Maharashtra,52.72,63,2024
IR-O-I-1357,University of Madras,69.31,38.5,65.47,53.22,18.27,Chennai,Tamil Nadu,52.58,64,2024
IR-O-U-0377,Indian Institute of Science Education and Research Mohali,67.38,32.89,70.81,66.14,17.34,Mohali,Punjab,52.58,64,2024
IR-O-U-0098,Delhi Technological University,63.18,37.87,67.5,56.65,29.07,New Delhi,Delhi,52.38,66,2024
IR-O-U-0262,Mahatma Gandhi University,71.36,37.27,70.97,51.09,4.09,Kottayam,Kerala,52.3,67,2024
IR-O-U-0395,Indian Institute of Technology Jodhpur,71.5,34.91,63.56,67.12,8.99,Jodhpur,Rajasthan,52.24,68,2024
IR-O-U-0196,University of Kashmir,71.14,31.25,79.72,51.14,3.66,Srinagar,Jammu and Kashmir,52.14,69,2024
IR-O-U-0027,Osmania University,64.75,28.77,85.33,58.05,10.87,Hyderabad,Telangana,52.02,70,2024
IR-O-U-0295,Datta Meghe Institute of Medical Sciences,71.49,38.33,61.26,64.14,1.41,Wardha,Maharashtra,51.75,71,2024
IR-O-U-0184,Indian Institute of Technology Mandi,65.48,38.39,61.96,70.37,10.87,Mandi,Himachal Pradesh,51.68,72,2024
IR-O-U-0064,Indian Institute of Technology Patna,60.25,42.04,70.12,54.1,11.24,Patna,Bihar,51.24,73,2024
IR-O-U-0691,All India Institute of Medical Sciences Rishikesh,74.07,35.35,50.68,69.13,13.37,Rishikesh,Uttarakhand,51.22,74,2024
IR-O-U-0574,Indian Statistical Institute Kolkata,68.05,32.99,67.59,45.27,27.37,Kolkata,West Bengal,51.1,75,2024
IR-O-U-0435,Alagappa University,65.88,35.3,73.76,51.91,7.82,Karaikudi,Tamil Nadu,51.07,76,2024
IR-O-U-0334,Visvesvaraya National Institute of Technology Nagpur,62.96,37.25,68.6,55.82,16.7,Nagpur,Maharashtra,51.03,77,2024
IR-O-U-0272,Indian Institute of Science Education and Research Bhopal,69.14,31.99,65.96,67.87,6.2,Bhopal,Madhya Pradesh,50.94,78,2024
IR-O-U-0555,Graphic Era University,59.9,33.86,62.93,66.08,32.5,Dehradun,Uttarakhand,50.58,79,2024
IR-O-U-0381,Punjab Agricultural University,74.19,32.43,64.12,49.58,7.82,Ludhiana,Punjab,50.55,80,2024
IR-O-C-16604,Sri Sivasubramaniya Nadar College of Engineering,61.3,39.4,67.32,57.14,10.5,Kalavakkam,Tamil Nadu,50.43,81,2024
IR-O-U-0410,Malaviya National Institute of Technology,58.02,42.66,69.7,52.47,10.13,Jaipur,Rajasthan,50.41,82,2024
IR-O-U-0689,All India Institute of Medical Sciences Jodhpur,72.7,33.93,56.36,60.62,6.2,Jodhpur,Rajasthan,49.94,83,2024
IR-O-N-10,SVKM`s Narsee Monjee Institute of Management Studies,74.0,24.83,64.38,65.17,5.37,Mumbai,Maharashtra,49.59,84,2024
IR-O-U-0474,Sathyabama Institute of Science and Technology,59.05,36.3,63.32,70.64,11.96,Chennai,Tamil Nadu,49.52,85,2024
IR-O-U-0235,University of Mysore,70.8,19.35,79.51,57.96,7.02,Mysuru,Karnataka,49.45,86,2024
IR-O-U-0195,University of Jammu,72.95,23.43,74.91,52.72,2.32,Jammu,Jammu and Kashmir,49.4,87,2024
IR-O-U-0523,King George`s Medical University,72.12,27.45,62.81,56.24,9.37,Lucknow,Uttar Pradesh,48.98,88,2024
IR-O-U-0190,Shoolini University of Biotechnology and Management Sciences,54.64,39.24,68.7,65.98,4.52,Solan,Himachal Pradesh,48.95,89,2024
IR-O-U-0217,Christ University,58.34,22.05,66.49,72.84,39.72,Bengaluru,Karnataka,48.66,90,2024
IR-O-U-0446,Bharath Institute of Higher Education & Research,67.46,22.62,67.73,71.19,9.37,Chennai,Tamil Nadu,48.64,91,2024
IR-O-U-0055,National Institute of Technology Silchar,50.88,43.7,69.93,56.42,5.37,Silchar,Assam,48.55,92,2024
IR-O-U-0577,National Institute of Technology Durgapur,57.81,32.74,71.05,57.97,11.24,Durgapur,West Bengal,48.29,93,2024
IR-O-U-0136,Gujarat University,67.97,17.53,81.99,57.0,4.09,Ahmedabad,Gujarat,48.16,94,2024
IR-O-U-0642,Shiv Nadar University,71.43,25.51,59.74,66.79,4.09,Gautam Buddha Nagar,Uttar Pradesh,48.12,95,2024
IR-O-I-1486,Sri Ramachandra Institute of Higher Education and Research,72.73,22.22,62.46,62.99,8.21,Chennai,Tamil Nadu,48.1,96,2024
IR-O-U-0003,Acharya Nagarjuna University,64.38,17.0,82.97,65.0,2.32,Guntur,Andhra Pradesh,47.73,97,2024
IR-O-U-0331,Tata Institute of Social Sciences,66.96,15.83,71.49,72.19,11.96,Mumbai,Maharashtra,47.56,98,2024
IR-O-U-0686,All India Institute of Medical Sciences Patna,69.57,20.49,60.0,66.08,19.19,Patna,Bihar,47.55,99,2024
IR-O-U-0470,Periyar University,61.51,29.46,69.58,59.86,2.32,Salem,Tamil Nadu,47.43,100,2024
IR-O-U-0456,Indian Institute of Technology Madras,90.58,88.02,87.01,63.34,100.0,Chennai,Tamil Nadu,87.31,1,2025
IR-O-U-0220,Indian Institute of Science,86.47,88.16,83.69,60.29,98.41,Bengaluru,Karnataka,85.0,2,2025
IR-O-U-0306,Indian Institute of Technology Bombay,83.79,83.05,86.04,60.13,83.35,Mumbai,Maharashtra,81.62,3,2025
IR-O-I-1074,Indian Institute of Technology Delhi,80.52,86.67,74.71,63.54,92.23,New Delhi,Delhi,80.67,4,2025
IR-O-I-1075,Indian Institute of Technology Kanpur,86.36,72.12,82.01,60.38,72.56,Kanpur,Uttar Pradesh,77.25,5,2025
IR-O-U-0573,Indian Institute of Technology Kharagpur,77.73,71.21,81.52,60.63,69.51,Kharagpur,West Bengal,73.99,6,2025
IR-O-U-0560,Indian Institute of Technology Roorkee,73.06,72.05,82.9,64.95,51.24,Roorkee,Uttarakhand,71.73,7,2025
IR-O-N-15,All India Institute of Medical Sciences Delhi,75.64,65.06,68.65,70.92,75.4,New Delhi,Delhi,70.57,8,2025
IR-O-U-0109,Jawaharlal Nehru University,75.53,45.59,99.93,78.82,54.13,New Delhi,Delhi,69.62,9,2025
IR-O-U-0500,Banaras Hindu University,76.41,51.17,95.42,65.95,47.63,Varanasi,Uttar Pradesh,68.71,10,2025
IR-O-U-0053,Indian Institute of Technology Guwahati,68.27,67.16,82.12,62.73,43.52,Guwahati,Assam,67.67,11,2025
IR-O-U-0013,Indian Institute of Technology Hyderabad,79.81,56.77,73.89,58.56,54.35,Hyderabad,Telangana,67.04,12,2025
IR-O-U-0108,Jamia Millia Islamia,73.81,50.03,92.56,83.83,29.47,New Delhi,Delhi,66.99,13,2025
IR-O-U-0234,Manipal Academy of Higher Education,79.44,61.76,78.52,67.71,20.28,Manipal,Karnataka,66.86,14,2025
IR-O-U-0120,University of Delhi,60.65,58.51,96.94,70.15,40.55,Delhi,Delhi,66.19,15,2025
IR-O-U-0391,Birla Institute of Technology and Science Pilani,72.16,63.27,77.74,61.42,27.41,Pilani,Rajasthan,65.06,16,2025
IR-O-U-0436,Amrita Vishwa Vidyapeetham,76.85,51.06,81.91,71.42,30.67,Coimbatore,Tamil Nadu,64.97,17,2025
IR-O-U-0575,Jadavpur University,71.61,52.19,87.82,52.34,44.1,Kolkata,West Bengal,64.34,18,2025
IR-O-U-0496,Aligarh Muslim University,71.5,48.04,93.79,64.58,26.77,Aligarh,Uttar Pradesh,63.76,19,2025
IR-O-U-0304,Homi Bhabha National Institute,76.94,54.16,84.47,56.4,11.67,Mumbai,Maharashtra,63.03,20,2025
IR-O-U-0490,Vellore Institute of Technology,60.55,59.53,83.42,60.61,41.16,Vellore,Tamil Nadu,62.88,21,2025
IR-O-U-0473,S.R.M. Institute of Science and Technology,70.31,54.56,82.47,68.94,20.28,Chennai,Tamil Nadu,62.87,22,2025
IR-O-I-1441,Saveetha Institute of Medical and Technical Sciences,76.12,56.28,73.63,71.44,6.42,Chennai,Tamil Nadu,62.23,23,2025
IR-O-U-0101,Indian Agricultural Research Institute,74.07,46.15,80.08,78.51,16.61,New Delhi,Delhi,61.59,24,2025
IR-O-U-0363,Siksha `O` Anusandhan,75.45,42.48,77.23,73.03,28.87,Bhubaneswar,Odisha,61.01,25,2025
IR-O-U-0042,University of Hyderabad,73.24,44.59,78.52,63.01,29.68,Hyderabad,Telangana,60.32,26,2025
IR-O-U-0356,Kalinga Institute of Industrial Technology,74.01,43.99,80.53,77.74,8.46,Bhubaneswar,Odisha,60.13,27,2025
IR-O-U-0273,Indian Institute of Technology Indore,70.95,55.01,70.76,64.23,17.69,Indore,Madhya Pradesh,60.13,27,2025
IR-O-U-0439,Anna University,62.63,54.88,67.82,51.3,61.18,Chennai,Tamil Nadu,60.06,29,2025
IR-O-U-0467,National Institute of Technology Tiruchirappalli,59.31,50.4,74.23,66.37,56.51,Tiruchirappalli,Tamil Nadu,60.05,30,2025
IR-O-U-0701,Indian Institute of Technology (Banaras Hindu University) Varanasi,57.05,57.79,77.97,60.88,38.97,Varanasi,Uttar Pradesh,60.03,31,2025
IR-O-U-0747,Chandigarh University,65.11,49.13,78.05,74.25,22.48,Mohali,Punjab,59.55,32,2025
IR-O-U-0079,Post Graduate Institute of Medical Education and Research,73.74,54.65,55.7,68.41,26.56,Chandigarh,Chandigarh,59.15,33,2025
IR-O-U-0357,National Institute of Technology Rourkela,64.87,53.58,76.96,60.45,15.78,Rourkela,Odisha,58.55,34,2025
IR-O-U-0205,Indian Institute of Technology (Indian School of Mines) Dhanbad,62.12,55.35,73.56,60.64,23.19,Dhanbad,Jharkhand,58.33,35,2025
IR-O-U-0064,Indian Institute of Technology Patna,69.77,47.23,72.43,64.12,16.34,Patna,Bihar,57.63,36,2025
IR-O-U-0497,Amity University,62.88,55.83,74.32,63.12,7.11,Gautam Budh Nagar,Uttar Pradesh,57.49,37,2025
IR-O-U-0222,JSS Academy of Higher Education and Research,76.72,35.68,71.51,79.49,14.64,Mysuru,Karnataka,57.43,38,2025
IR-O-U-0139,Indian Institute of Technology Gandhinagar,73.24,41.27,69.35,67.92,20.03,Gandhinagar,Gujarat,57.01,39,2025
IR-O-U-0329,Symbiosis International,73.49,38.34,72.97,64.0,23.19,Pune,Maharashtra,56.86,40,2025
IR-O-U-0006,Andhra University,75.27,26.41,86.6,73.86,14.07,Visakhapatnam,Andhra Pradesh,56.62,41,2025
IR-O-U-0260,University of Kerala,71.19,29.64,94.62,64.07,6.76,Thiruvananthapuram,Kerala,56.26,42,2025
IR-O-U-0368,Jawaharlal Institute of Post Graduate Medical Education & Research,75.73,33.76,70.9,70.67,21.27,Puducherry,Pondicherry,56.23,43,2025
IR-O-I-1480,Thapar Institute of Engineering and Technology,68.42,45.12,72.16,65.69,11.36,Patiala,Punjab,56.21,44,2025
IR-O-U-0263,National Institute of Technology Calicut,72.96,36.05,72.32,67.54,22.48,Kozhikode,Kerala,56.16,45,2025
IR-O-U-0020,Koneru Lakshmaiah Education Foundation University (K L College of Engineering),69.03,45.33,73.12,66.74,3.89,Vaddeswaram,Andhra Pradesh,55.99,46,2025
IR-O-U-0570,University of Calcutta,64.81,37.24,88.18,51.81,24.79,Kolkata,West Bengal,55.91,47,2025
IR-O-U-0458,Kalasalingam Academy of Research and Education,70.43,36.39,74.68,76.54,10.42,Krishnan Koil,Tamil Nadu,55.68,48,2025
IR-O-U-0379,Lovely Professional University,58.1,49.4,69.31,69.89,23.88,Phagwara,Punjab,55.49,49,2025
IR-O-U-0253,Cochin University of Science and Technology,72.74,39.25,75.69,58.95,7.45,Cochin,Kerala,55.38,50,2025
IR-O-U-0476,Shanmugha Arts Science Technology & Research Academy,71.76,36.5,74.04,71.78,8.46,Thanjavur,Tamil Nadu,55.32,51,2025
IR-O-U-0052,Gauhati University,73.43,26.49,89.46,64.21,9.78,Guwahati,Assam,55.27,52,2025
IR-O-U-0027,Osmania University,75.88,27.86,86.93,57.17,10.1,Hyderabad,Telangana,55.24,53,2025
IR-O-U-0237,National Institute of Technology Karnataka,59.76,44.19,73.98,62.67,29.47,Surathkal,Karnataka,55.21,54,2025
IR-O-U-0305,Indian Institute of Science Education and Research Pune,69.0,44.43,60.39,64.23,23.65,Pune,Maharashtra,54.9,55,2025
IR-O-U-0378,Indian Institute of Technology Ropar,65.95,42.3,70.37,63.66,18.48,Rupnagar,Punjab,54.76,56,2025
IR-O-U-0078,Panjab University,56.77,41.58,80.37,65.25,25.46,Chandigarh,Chandigarh,54.65,57,2025
IR-O-U-0184,Indian Institute of Technology Mandi,69.11,41.59,65.15,69.0,13.78,Mandi,Himachal Pradesh,54.52,58,2025
IR-O-U-0196,University of Kashmir,74.05,34.74,79.88,50.9,6.07,Srinagar,Jammu and Kashmir,54.31,59,2025
IR-O-U-0236,National Institute of Mental Health & Neuro Sciences Bangalore,72.77,40.41,66.64,56.46,13.48,Bengaluru,Karnataka,54.28,60,2025
IR-O-U-0448,Bharathidasan University,61.36,40.81,83.97,51.54,12.28,Tiruchirappalli,Tamil Nadu,53.82,61,2025
IR-O-U-0098,Delhi Technological University,64.13,41.43,71.27,56.21,22.0,New Delhi,Delhi,53.74,62,2025
IR-O-U-0025,National Institute of Technology Warangal,58.72,43.85,72.82,55.83,23.19,Warangal,Telangana,53.23,63,2025
IR-O-U-0308,Institute of Chemical Technology,59.08,47.2,71.48,54.16,16.06,Mumbai,Maharashtra,53.22,64,2025
IR-O-U-0564,UPES,62.97,45.6,60.78,65.41,19.52,Dehradun,Uttarakhand,53.22,64,2025
IR-O-U-0395,Indian Institute of Technology Jodhpur,70.37,39.2,63.41,67.38,8.8,Jodhpur,Rajasthan,53.17,66,2025
IR-O-U-0572,Indian Institute of Science Education and Research Kolkata,67.56,40.58,68.46,52.39,16.61,Mohanpur,West Bengal,53.04,67,2025
IR-O-I-1357,University of Madras,69.12,35.08,70.84,52.79,21.76,Chennai,Tamil Nadu,52.89,68,2025
IR-O-U-0498,Babasaheb Bhimrao Ambedkar University,69.26,23.93,80.92,80.25,5.35,Lucknow,Uttar Pradesh,52.71,69,2025
IR-O-U-0377,Indian Institute of Science Education and Research Mohali,62.9,34.68,72.82,71.14,17.42,Mohali,Punjab,52.68,70,2025
IR-O-I-1110,Dr. D. Y. Patil Vidyapeeth,74.43,27.91,65.77,62.66,25.46,Pune,Maharashtra,52.67,71,2025
IR-O-U-0555,Graphic Era University,60.52,41.01,62.97,63.43,30.47,Dehradun,Uttarakhand,52.44,72,2025
IR-O-U-0435,Alagappa University,64.62,33.07,73.27,55.96,27.2,Karaikudi,Tamil Nadu,52.27,73,2025
IR-O-U-0107,Jamia Hamdard,64.66,34.02,71.31,66.74,16.61,New Delhi,Delhi,52.2,74,2025
IR-O-U-0272,Indian Institute of Science Education and Research Bhopal,68.49,33.71,70.1,67.04,6.07,Bhopal,Madhya Pradesh,51.99,75,2025
IR-O-U-0447,Bharathiar University,57.6,40.69,76.94,52.76,17.96,Coimbatore,Tamil Nadu,51.96,76,2025
IR-O-U-0410,Malaviya National Institute of Technology,58.82,45.57,69.93,60.75,4.99,Jaipur,Rajasthan,51.88,77,2025
IR-O-U-0691,All India Institute of Medical Sciences Rishikesh,71.66,34.73,55.04,73.95,14.36,Rishikesh,Uttarakhand,51.77,78,2025
IR-O-U-0262,Mahatma Gandhi University,71.2,34.03,71.68,54.33,3.89,Kottayam,Kerala,51.73,79,2025
IR-O-U-0355,Indian Institute of Technology Bhubaneswar,59.3,38.39,68.29,61.88,20.03,Bhubaneswar,Odisha,51.16,80,2025
IR-O-U-0381,Punjab Agricultural University,72.79,37.6,60.95,50.75,6.42,Ludhiana,Punjab,51.03,81,2025
IR-O-C-16604,Sri Sivasubramaniya Nadar College of Engineering,61.82,40.52,66.99,58.09,11.05,Kalavakkam,Tamil Nadu,51.01,82,2025
IR-O-U-0523,King George`s Medical University,75.27,30.37,62.46,60.52,7.11,Lucknow,Uttar Pradesh,50.94,83,2025
IR-O-U-0295,Datta Meghe Institute of Medical Sciences,68.47,38.55,61.69,64.26,0.41,Wardha,Maharashtra,50.92,84,2025
IR-O-U-0642,Shiv Nadar University,72.19,26.47,65.82,66.64,13.78,Gautam Buddha Nagar,Uttar Pradesh,50.8,85,2025
IR-O-U-0334,Visvesvaraya National Institute of Technology Nagpur,59.65,37.73,69.12,58.36,12.59,Nagpur,Maharashtra,50.14,86,2025
IR-O-U-0195,University of Jammu,71.09,24.66,78.84,52.57,3.52,Jammu,Jammu and Kashmir,50.11,87,2025
IR-O-U-0485,Tamil Nadu Agricultural University,73.14,19.42,78.02,59.08,7.45,Coimbatore,Tamil Nadu,50.03,88,2025
IR-O-U-0014,International Institute of Information Technology Hyderabad,68.83,34.96,52.52,63.68,19.0,Hyderabad,Telangana,49.91,89,2025
IR-O-U-0446,Bharath Institute of Higher Education & Research,71.35,21.13,70.62,71.43,8.46,Chennai,Tamil Nadu,49.85,90,2025
IR-O-U-0323,Savitribai Phule Pune University,51.46,39.42,79.4,50.16,16.61,Pune,Maharashtra,49.83,91,2025
IR-O-U-0318,University of Mumbai,64.43,19.54,88.25,58.88,10.73,Mumbai,Maharashtra,49.8,92,2025
IR-O-U-0474,Sathyabama Institute of Science and Technology,61.34,31.31,68.96,72.96,9.13,Chennai,Tamil Nadu,49.79,93,2025
IR-O-U-0200,Sher-e-Kashmir University of Agricultural Science and Technology of Kashmir,71.11,26.15,73.3,57.54,1.6,Srinagar,Jammu and Kashmir,49.75,94,2025
IR-O-N-10,SVKM`s Narsee Monjee Institute of Management Studies,72.53,26.72,65.25,64.41,3.89,Mumbai,Maharashtra,49.66,95,2025
IR-O-U-0217,Christ University,56.19,28.34,65.44,74.23,37.84,Bengaluru,Karnataka,49.65,96,2025
IR-O-U-0055,National Institute of Technology Silchar,53.21,45.07,70.76,54.17,4.63,Silchar,Assam,49.51,97,2025
IR-O-U-0749,Manipal University Jaipur,63.48,33.8,64.04,66.76,7.11,Jaipur,Rajasthan,49.38,98,2025
IR-O-U-0739,Madan Mohan Malaviya University of Technology,67.91,18.82,70.37,71.73,18.48,Gorakhpur,Uttar Pradesh,49.11,99,2025
IR-O-U-0688,All India Institute of Medical Sciences Bhubaneswar,69.14,25.45,58.25,69.89,20.28,Khordha,Odisha,49.04,100,2025
